name;group_name
3д пк;3д пк
компьютер для 3d моделирования;3д пк
системный блок для 3d моделирования;3д пк
системный блок для 3д моделирования;3д пк
пк для работы с 3d графикой;3д пк
пк для 3d моделирования;3д пк
купить компьютер для 3d моделирования;3д пк
компьютеры для 3d моделирования;3д пк
компьютеры для 3д моделирования;3д пк
компьютер для работы с 3d графикой;3д пк
компьютер для 3 д моделирования;3д пк
компьютер для 3d;3д пк
компьютер для 3d графики;3д пк
компьютер для 3d моделирования купить;3д пк
компьютер для 3д моделирования;3д пк
компьютер для 3д моделирования купить;3д пк
компьютер 3д;3д пк
3d компьютер;3д пк
3д компьютер;3д пк
графическая станция;графическая станция
графическая рабочая станция;графическая станция
граф станция;графическая станция
графическая станция купить;графическая станция
графические станции купить;графическая станция
графические станции;графическая станция
графстанции;графическая станция
компьютер графическая станция;графическая станция
купить графическую станцию;графическая станция
графическая станция для 3d моделирования;графическая станция для 3d моделирования
графическая станция для 3d моделирования купить;графическая станция для 3d моделирования
Графические станции Tower;Графические станции Tower
рабочие станции для 3d моделирования;рабочие станции для 3d моделирования
компьютер для дизайнера;компьютер для дизайнера
дизайнерский компьютер;компьютер для дизайнера
компьютер для дизайнера купить;компьютер для дизайнера
компьютер для дизайнеров;компьютер для дизайнера
купить компьютер для графического дизайнера;компьютер для дизайнера
системный блок для графического дизайнера;компьютер для дизайнера
компьютер для графического дизайнера;компьютер для дизайнера
системный блок для дизайнера;компьютер для дизайнера
пк для графики;пк для графики
компьютер для дизайна и графики;пк для графики
графический компьютер;пк для графики
графический компьютер купить;пк для графики
графический моноблок;пк для графики
графические компьютеры;пк для графики
компьютер для графики;пк для графики
компьютер для графики и дизайна купить;пк для графики
компьютер для графических программ;пк для графики
компьютер для графического дизайна купить;пк для графики
компьютер для дизайна;пк для графики
компьютер для работы с графикой;пк для графики
компьютер для работы с графическими программами;пк для графики
компьютер для работы с графическими программами купить;пк для графики
компьютеры для графического дизайна;пк для графики
купить графический компьютер;пк для графики
купить компьютер для работы с графическими программами;пк для графики
купить мощный компьютер для работы с графикой;пк для графики
пк для дизайна;пк для графики
системный блок для работы с графикой;пк для графики
компьютер для видеомонтажа;компьютер для видеомонтажа
компьютер для монтажа видео купить;компьютер для видеомонтажа
купить компьютер для видеомонтажа;компьютер для видеомонтажа
компьютер для видеомонтажа купить;компьютер для видеомонтажа
компьютер для видеомонтажа 4k;компьютер для видеомонтажа
компьютер для видеомонтажа 4к;компьютер для видеомонтажа
компьютер для видеомонтажа конфигурация цена;компьютер для видеомонтажа
профессиональный компьютер для видеомонтажа;компьютер для видеомонтажа
стоимость компьютера для видеомонтажа;компьютер для видеомонтажа
цена компьютера для видеомонтажа;компьютер для видеомонтажа
монтажная станция для видеомонтажа;монтажная станция для видеомонтажа
купить компьютер для фотошопа;купить компьютер для фотошопа
компьютер для фотошопа купить;купить компьютер для фотошопа
компьютер для моделирования;компьютер для моделирования
купить компьютер для моделирования;компьютер для моделирования
компьютер для рендеринга;компьютер для рендеринга
системный блок для рендеринга;компьютер для рендеринга
компьютер для моделирования и рендеринга;компьютер для рендеринга
компьютер для рендеринга видео;компьютер для рендеринга
системные блоки для рендеринга купить;компьютер для рендеринга
системные блоки для рендеринга цена;компьютер для рендеринга
рендер станция;рендер станция
компьютер для художника;компьютер для художника
системный блок для рисования;компьютер для художника
системные блоки для рисования купить;компьютер для художника
системные блоки для рисования цена;компьютер для художника
оборудование для лвс;оборудование для локальной сети
оборудование лвс;оборудование для локальной сети
оборудование локальных сетей;оборудование для локальной сети
коммуникационное оборудование локальных сетей;оборудование для локальной сети
оборудование для организации локальной сети;оборудование для локальной сети
оборудование для создания локальной сети;оборудование для локальной сети
оборудование локальной компьютерной сети;оборудование для локальной сети
оборудование локальных вычислительных сетей;оборудование для локальной сети
сетевое оборудование для локальной сети;оборудование для локальной сети
сетевое оборудование локальных вычислительных сетей;оборудование для локальной сети
активное оборудование лвс;оборудование для локальной сети
кабельное оборудование лвс;оборудование для локальной сети
сетевое оборудование лвс;оборудование для локальной сети
магазин сетевого оборудования;магазин сетевого оборудования
сетевое оборудование для офиса;магазин сетевого оборудования
магазин сетевое оборудование;магазин сетевого оборудования
интернет магазин сетевого оборудования;магазин сетевого оборудования
сетевое оборудование;сетевое оборудование
оборудование компьютерной сети;сетевое оборудование
оборудование компьютерных сетей;сетевое оборудование
дешевое сетевое оборудование;сетевое оборудование
интернет оборудование;сетевое оборудование
коммуникационное оборудование купить;сетевое оборудование
комплектующие для сетевого оборудования;сетевое оборудование
купить оборудование для интернета;сетевое оборудование
купить сетевое оборудование;сетевое оборудование
оборудование сетевое;сетевое оборудование
сетевого оборудования;сетевое оборудование
сетевое коммутационное оборудование;сетевое оборудование
сетевое компьютерное оборудование;сетевое оборудование
сетевое оборудование компьютерных сетей;сетевое оборудование
сетевое оборудование купить;сетевое оборудование
сетевое оборудование купить в москве;сетевое оборудование
сетевое оборудование цена;сетевое оборудование
сетевые оборудования;сетевое оборудование
рабочая станция;рабочая станция
компьютер станция;рабочая станция
компьютерная рабочая станция;рабочая станция
компьютерная станция;рабочая станция
компьютерная станция купить;рабочая станция
компьютерные станции;рабочая станция
купить рабочую станцию компьютер;рабочая станция
пк станция;рабочая станция
рабочая станция компьютер купить;рабочая станция
рабочая станция пк;рабочая станция
настольная рабочая станция;рабочая станция
рабочая станция компьютер;рабочая станция
рабочая станция купить;рабочая станция
рабочая станция цена;рабочая станция
рабочие станции;рабочая станция
станция рабочая;рабочая станция
купить рабочие станции;рабочая станция
купить рабочую станцию;рабочая станция
компьютер для трейдинга купить;компьютер для трейдинга купить
коммутатор агрегации;коммутатор агрегации
коммутаторы уровня агрегации;коммутатор агрегации
коммутаторы агрегации;коммутатор агрегации
коммутатор уровня распределения;коммутатор агрегации
коммутатор распределения;коммутатор агрегации
коммутатор уровня агрегации;коммутатор агрегации
коммутаторы агрегации ядра;коммутатор агрегации
агрегация каналов коммутатор;коммутатор агрегации
коммутаторы агрегации цена;коммутатор агрегации
агрегация портов на коммутаторе;коммутатор агрегации
коммутатор агрегации купить;коммутатор агрегации
ethernet коммутаторы агрегации;коммутатор агрегации
коммутатор агрегации расценка в смете;коммутатор агрегации
коммутатор с поддержкой агрегации портов;коммутатор агрегации
коммутатор агрегации sfp;коммутатор агрегации
sfp модуль;sfp модуль
sfp цена;sfp модуль
sfr модуль;sfp модуль
модуль сфп;sfp модуль
sfp трансивер купить;sfp модуль
трансиверы sfp;sfp модуль
купить sfp модуль;sfp модуль
spf модуль;sfp модуль
sfp модуль цена;sfp модуль
spf модули;sfp модуль
модуль sfp купить;sfp модуль
модуль spf;sfp модуль
модуль трансивера;sfp модуль
модулей sfp;sfp модуль
fsp модуль;sfp модуль
модуль трансивер sfp;sfp модуль
sfp модули купить;sfp модуль
сфп модуль цена;sfp модуль
sfp модули;sfp модуль
sfp трансиверы;sfp модуль
трансивер sfp;sfp модуль
модули sfp;sfp модуль
sfp модулем;sfp модуль
модуль sfp;sfp модуль
sfp модуль купить;sfp модуль
sfp модулей;sfp модуль
трансивер sfp купить;sfp модуль
купить sfp;sfp модуль
сфп модуль;sfp модуль
sfp transceiver;sfp модуль
sfp connector;sfp модуль
stp модуль;sfp модуль
sfp трансивер;sfp модуль
sfp модуля;sfp модуль
sfp адаптер;sfp модуль
адаптер sfp;sfp модуль
трансивер для sfp порта;sfp модуль
коммутаторы цод;коммутаторы цод
poe коммутатор gigabit;poe коммутатор gigabit
poe коммутатор 1 гбит;poe коммутатор gigabit
коммутатор poe 24;коммутатор poe 24
24 портовый коммутатор poe;коммутатор poe 24
poe свитч 24 порта;poe свитч 24 порта
коммутатор 50 портов;коммутатор 50 портов
коммутатор 24;коммутатор 24
коммутатор 24 порта;коммутатор 24
24 порта коммутатор;коммутатор 24
24 портовый коммутатор;коммутатор 24
коммутатор 24;коммутатор 24
коммутатор 24 порта купить;коммутатор 24
коммутатор 24 порта цена;коммутатор 24
коммутатор 24 портов;коммутатор 24
коммутатор 24 портовый;коммутатор 24
коммутатор на 24 порта;коммутатор 24
коммутатор на 24 порта купить;коммутатор 24
коммутатор на 24 порта цена;коммутатор 24
коммутатор сетевой 24 порта;коммутатор 24
коммутаторы 24 порта цена;коммутатор 24
купить коммутатор 24 порта;коммутатор 24
сетевой коммутатор 24 порта;коммутатор 24
коммутатор сетевой купить 24 порта;коммутатор 24
коммутатор купить 24 порта;коммутатор 24
коммутатор ethernet 24 порта;коммутатор 24
купить коммутаторы 24 порта;коммутатор 24
сетевой коммутатор на 24 порта;коммутатор 24
управляемый коммутатор 24 порта;управляемый коммутатор 24 порта
коммутатор 24 порта управляемый;управляемый коммутатор 24 порта
коммутатор управляемый 24 порта;управляемый коммутатор 24 порта
коммутатор управляемый 24 порта купить;управляемый коммутатор 24 порта
управляемый коммутатор 24 порта цена;управляемый коммутатор 24 порта
управляемый сетевой коммутатор 24 порта;управляемый коммутатор 24 порта
switch 24 port;switch 24 port
свитч 24 порта;switch 24 port
свитч на 24 порта;switch 24 port
свитч на 24 порта купить;switch 24 port
свитч 24 порта купить;switch 24 port
свитч 24 портовый;switch 24 port
24 портовый свитч;switch 24 port
гигабитный коммутатор 24 порта;гигабитный коммутатор 24 порта
коммутатор 24 порта 1000 мбит;гигабитный коммутатор 24 порта
свитч 24 порта гигабитный;свитч 24 порта гигабитный
свитч 24 порта 10 100 1000;свитч 24 порта 10 100 1000
коммутатор 24 порта 10 100 1000;коммутатор 24 порта 10 100 1000
коммутатор 24 порта sfp;коммутатор 24 порта sfp
оптический коммутатор 24 порта sfp;коммутатор 24 порта sfp
коммутатор оптический 24 порта;коммутатор 24 порта sfp
неуправляемый коммутатор 24 порта;неуправляемый коммутатор 24 порта
коммутатор неуправляемый 24 порта;неуправляемый коммутатор 24 порта
коммутатор 24 портовый неуправляемый;неуправляемый коммутатор 24 порта
маршрутизатор на 24 порта;маршрутизатор на 24 порта
маршрутизатор 24 порта;маршрутизатор на 24 порта
маршрутизатор 24 порта купить;маршрутизатор на 24 порта
коммутатор 20 портов;коммутатор 20 портов
коммутатор на 20 портов;коммутатор 20 портов
20 портовый коммутатор;коммутатор 20 портов
коммутатор сетевой 20 портов;коммутатор 20 портов
коммутатор на 12 портов;коммутатор на 12 портов
коммутатор 12 портов;коммутатор на 12 портов
коммутатор ethernet 12 портов;коммутатор на 12 портов
коммутаторы 12 портов купить;коммутатор на 12 портов
сетевой коммутатор 12 портов;коммутатор на 12 портов
12 портовый коммутатор;коммутатор на 12 портов
свитч 12 портов;свитч 12 портов
свитч на 12 портов;свитч 12 портов
свитч на 12 портов купить;свитч 12 портов
маршрутизатор 12 портов;маршрутизатор 12 портов
маршрутизатор на 12 портов;маршрутизатор 12 портов
коммутатор 12 в;коммутатор 12 в
коммутатор 12в;коммутатор 12 в
коммутатор 12v;коммутатор 12 в
коммутатор 12 вольт;коммутатор 12 в
коммутатор 12 вольт питание;коммутатор 12 в
свитч 12 вольт;свитч 12 вольт
коммутатор 12 портов 1000 мбит;коммутатор 12 портов 1000 мбит
коммутатор с питанием 12 вольт;коммутатор с питанием 12 вольт
коммутатор 8 портов 12 вольт;коммутатор 8 портов 12 вольт
коммутатор 8 портов;коммутатор 8 портов
коммутатор 48 портов купить;коммутатор 48 портов купить
коммутатор на 48 портов цена;коммутатор 48 портов купить
коммутатор 48 портов цена;коммутатор 48 портов купить
коммутатор 48 портов управляемый;коммутатор 48 портов управляемый
коммутатор управляемый 48 портов купить;коммутатор 48 портов управляемый
коммутатор 18 портов;коммутатор 18 портов
18 портовый коммутатор;коммутатор 18 портов
коммутатор на 18 портов;коммутатор 18 портов
управляемый коммутатор 8 портов;управляемый коммутатор 8 портов
управляемый коммутатор на 8 портов;управляемый коммутатор 8 портов
коммутатор управляемый 8 портов;управляемый коммутатор 8 портов
8 портовый гигабитный коммутатор;8 портовый гигабитный коммутатор
коммутатор 1 гбит 8 портов;8 портовый гигабитный коммутатор
коммутатор 8 портов 1 гбит;8 портовый гигабитный коммутатор
гигабитный свитч 8;гигабитный свитч 8
свитч 8 портов 1 гбит;гигабитный свитч 8
гигабитный свитч 8 портов;гигабитный свитч 8
sfp switch 8 port;sfp switch 8 port
промышленный коммутатор 8 портов;промышленный коммутатор 8 портов
промышленный коммутатор ethernet 8 портов;промышленный коммутатор 8 портов
гигабитный коммутатор на 16 портов;гигабитный коммутатор на 16 портов
16 портовый гигабитный коммутатор;гигабитный коммутатор на 16 портов
коммутатор 16 портов 1000 мбит с;гигабитный коммутатор на 16 портов
коммутатор 16 портов гигабитный;гигабитный коммутатор на 16 портов
свитч на 16 портов;свитч на 16 портов
свич для интернета на 16 порта цена;свитч на 16 портов
свитч на 16 портов купить;свитч на 16 портов
свитч на 16 портов цена;свитч на 16 портов
купить свич для интернета на 16 портов;свитч на 16 портов
гигабитный свитч 16 портов;гигабитный свитч 16 портов
купить коммутаторы 16 портов;купить коммутаторы 16 портов
коммутатор 16 портов цена;купить коммутаторы 16 портов
маршрутизатор 16 портов;маршрутизатор 16 портов
маршрутизатор на 16 портов;маршрутизатор 16 портов
коммутатор 32 порта;коммутатор 32 порта
32 портовый коммутатор;коммутатор 32 порта
коммутатор на 32 порта;коммутатор 32 порта
свитч 32 порта;свитч 32 порта
коммутатор 32 порта 10 100 1000;коммутатор 32 порта 10 100 1000
коммутатор на 36 портов;коммутатор на 36 портов
коммутатор 36 портов;коммутатор на 36 портов
коммутатор 4 уровня;коммутатор 4 уровня
коммутатор l4;коммутатор 4 уровня
гигабитный свитч 4 порта;гигабитный свитч 4 порта
коммутатор 64 порта;коммутатор 64 порта
коммутатор 64 портов купить;коммутатор 64 порта
коммутатор 40 гбит с;коммутатор 40 гбит с
коммутатор 40 гбит;коммутатор 40 гбит с
коммутатор 96 портов;коммутатор 96 портов
96 портовый коммутатор;коммутатор 96 портов
коммутатор 9 портов;коммутатор 9 портов
9 портовый коммутатор;коммутатор 9 портов
коммутатор в стойку 19;коммутатор в стойку 19
коммутатор 19 дюймов;коммутатор в стойку 19
коммутатор в стойку 19 дюймов;коммутатор в стойку 19
коммутатор 30 портов;коммутатор 30 портов
коммутатор на 30 портов;коммутатор 30 портов
сетевой коммутатор 30 портов;коммутатор 30 портов
коммутатор 10 портов 1000 мбит с;коммутатор 10 портов 1000 мбит с
коммутатор 100 мбит с;коммутатор 100 мбит с
коммутатор 100 гбит с;коммутатор 100 мбит с
коммутатор 1000;коммутатор 1000
гигабитный коммутатор;коммутатор 1000
коммутатор 1000 мбит с;коммутатор 1000
коммутатор 1000 мбит с купить;коммутатор 1000
коммутатор 1гб;коммутатор 1000
коммутатор сетевой 1000 мбит;коммутатор 1000
коммутатор 1 gb;коммутатор 1000
коммутатор 1 гб;коммутатор 1000
коммутатор 1 гбит;коммутатор 1000
коммутатор gigabit ethernet;коммутатор 1000
коммутатор 1 гигабит;коммутатор 1000
коммутатор гигабит;коммутатор 1000
коммутатор гигабитный;коммутатор 1000
гигабитные коммутаторы;коммутатор 1000
гигабитный коммутатор купить;коммутатор 1000
гигабитный сетевой коммутатор;коммутатор 1000
неуправляемый коммутатор гигабитный;неуправляемый коммутатор гигабитный
gigabit switch;gigabit switch
гигабитный свитч;gigabit switch
гигабитный свитч купить;gigabit switch
свитч гигабит;gigabit switch
свитч гигабитный;gigabit switch
свитч гигабитный купить;gigabit switch
свитч 1 гб;gigabit switch
свитч 1 гбит;gigabit switch
свитч 1000 мбит с;gigabit switch
свитч 1000 мбит с купить;gigabit switch
свитч 1гб;gigabit switch
switch 1gb;gigabit switch
свич 1 гб;gigabit switch
коммутатор 1 уровня;коммутатор 1 уровня
коммутатор l1;коммутатор 1 уровня
российские производители сетевого оборудования;российские производители сетевого оборудования
российское сетевое оборудование;российские производители сетевого оборудования
отечественное сетевое оборудование;российские производители сетевого оборудования
отечественные производители сетевого оборудования;российские производители сетевого оборудования
сетевое оборудование российского производства;российские производители сетевого оборудования
телекоммуникационное оборудование российского производства;российские производители сетевого оборудования
коммутаторы российского производства;коммутаторы российского производства
коммутаторы рф;коммутаторы российского производства
российский коммутатор;коммутаторы российского производства
коммутатор российского производства;коммутаторы российского производства
коммутаторы отечественного производства;коммутаторы российского производства
российские коммутаторы ethernet;коммутаторы российского производства
российские производители коммутаторов;коммутаторы российского производства
коммутаторы аквариус;коммутаторы аквариус
aquarius коммутаторы;коммутаторы аквариус
switches;switches
купить свитч;switches
ethernet switch;switches
ethernet switch купить;switches
ethernet свитч;switches
fast ethernet switch;switches
lan switch;switches
network switch;switches
switch ethernet;switches
switch сетевой;switches
switch lan;switches
switch network;switches
switch для интернета;switches
switch интернет;switches
switch купить;switches
switch купить в москве;switches
switch цена;switches
switchs;switches
интернет разветвитель свитч;switches
интернет свитч;switches
интернет свитч купить;switches
купить switch;switches
купить свитч для интернета;switches
купить свитчи;switches
лан свитч;switches
свитч;switches
свитч ethernet;switches
свитч для интернета;switches
свитч для интернета купить;switches
свитч для интернет кабеля;switches
свитч интернет;switches
свитч интернет кабеля;switches
свитч купить;switches
свитч купить в москве;switches
свитч сетевой;switches
свитч стоимость;switches
свитч цена;switches
свитчи купить;switches
свич;switches
сетевой свитч;switches
сколько стоит свитч;switches
lan свитч;switches
коммутатор;коммутатор
сетевой коммутатор;коммутатор
коммутаторы сетевые;коммутатор
коммутаторы цена;коммутатор
коммутаторы лвс;коммутатор
коммутаторы купить;коммутатор
коммутатор стоимость;коммутатор
коммутатор сколько стоит;коммутатор
коммутатор сети;коммутатор
коммутатор сетевой купить;коммутатор
коммутатор сетевой;коммутатор
купить коммутатор;коммутатор
купить сетевой коммутатор;коммутатор
купить коммутаторы;коммутатор
купить коммутатор сетевой;коммутатор
коммуникатор сетевой;коммутатор
сетевые коммутаторы;коммутатор
цена коммутатора;коммутатор
сетевой коммутатор цены;коммутатор
сетевой коммутатор цена;коммутатор
сетевой коммутатор купить;коммутатор
коммутатор купить в москве;коммутатор
коммутатор купить;коммутатор
сетевое оборудование коммутатор;коммутатор
коммутатор для сети;коммутатор
коммутатор ethernet;коммутатор ethernet
ethernet коммутаторы;коммутатор ethernet
ethernet коммутатор купить;коммутатор ethernet
ethernet коммутатор;коммутатор ethernet
коммутатор fast ethernet;коммутатор ethernet
коммутатор ethernet купить;коммутатор ethernet
концентратор ethernet;коммутатор ethernet
коммутаторы ethernet;коммутатор ethernet
коммутатор для сервера;коммутатор для сервера
коммутатор серверный;коммутатор для сервера
интернет коммутатор;интернет коммутатор
коммутатор для интернета;интернет коммутатор
коммутатор интернета;интернет коммутатор
коммутатор интернет кабеля;интернет коммутатор
коммутатор интернет;интернет коммутатор
коммутатор для интернета купить;интернет коммутатор
коммутатор для интернет кабеля;интернет коммутатор
сетевой коммутатор для интернета;интернет коммутатор
коммутаторы для интернета;интернет коммутатор
купить коммутатор для интернета;интернет коммутатор
коммутатор локальной сети;коммутатор локальной сети
lan коммутатор;коммутатор локальной сети
лан коммутатор;коммутатор локальной сети
коммутатор lan;коммутатор локальной сети
коммутатор lan портов;коммутатор локальной сети
коммутатор лвс;коммутатор локальной сети
коммутатор лан;коммутатор локальной сети
коммутаторы локальных сетей;коммутатор локальной сети
коммутатор для локальной сети;коммутатор локальной сети
управляемый коммутатор;управляемый коммутатор
купить управляемый коммутатор;управляемый коммутатор
программируемый коммутатор;управляемый коммутатор
умный коммутатор;управляемый коммутатор
управляемые коммутаторы купить;управляемый коммутатор
коммутатор программируемый;управляемый коммутатор
купить управляемые коммутаторы;управляемый коммутатор
коммутатор для видеонаблюдения;коммутатор для видеонаблюдения
купить коммутатор для видеонаблюдения;коммутатор для видеонаблюдения
коммутаторы для видеонаблюдения;коммутатор для видеонаблюдения
коммутатор для видеонаблюдения для ip камер;коммутатор для видеонаблюдения
коммутатор для видеонаблюдения купить;коммутатор для видеонаблюдения
коммутатор для видеорегистратора;коммутатор для видеонаблюдения
коммутатор для камер видеонаблюдения;коммутатор для видеонаблюдения
коммутатор для ip камер видеонаблюдения;коммутатор для видеонаблюдения
коммутатор для видеокамер;коммутатор для видеонаблюдения
неуправляемый коммутатор;неуправляемый коммутатор
ненастраиваемый коммутатор;неуправляемый коммутатор
неуправляемые коммутаторы;неуправляемый коммутатор
неуправляемый коммутатор купить;неуправляемый коммутатор
неуправляемый сетевой коммутатор;неуправляемый коммутатор
сетевой коммутатор неуправляемый;неуправляемый коммутатор
коммутатор неуправляемый купить;неуправляемый коммутатор
коммутатор сетевой неуправляемый;неуправляемый коммутатор
коммутаторы неуправляемые купить;неуправляемый коммутатор
купить коммутатор неуправляемый;неуправляемый коммутатор
промышленные коммутаторы;промышленные коммутаторы
коммутатор промышленный;промышленные коммутаторы
коммутаторы промышленные;промышленные коммутаторы
промышленные коммутаторы ethernet;промышленные коммутаторы
промышленные коммутаторы купить;промышленные коммутаторы
промышленный ethernet коммутатор;промышленные коммутаторы
промышленный коммутатор;промышленные коммутаторы
управляемый коммутатор для видеонаблюдения;управляемый коммутатор для видеонаблюдения
коммутаторы для офиса;коммутаторы для офиса
коммутатор офисный;коммутаторы для офиса
коммутатор в офис;коммутаторы для офиса
коммутатор для оптики;коммутатор для оптики
оптоволоконный коммутатор;коммутатор для оптики
коммутатор для оптического кабеля;коммутатор для оптики
коммутатор для оптоволокна;коммутатор для оптики
оптический сетевой коммутатор;коммутатор для оптики
коммутатор с оптическим входом;коммутатор для оптики
sfp коммутаторы;sfp коммутаторы
sfp коммутатор сетевой;sfp коммутаторы
коммутатор с sfp портом;sfp коммутаторы
коммутатор switch;коммутатор switch
switch коммутатор;коммутатор switch
сетевой коммутатор свитч;коммутатор switch
switch коммутатор купить;коммутатор switch
switch сетевой коммутатор;коммутатор switch
коммутатор switch купить;коммутатор switch
коммутатор свитч;коммутатор switch
коммутатор свитч купить;коммутатор switch
switch коммутатор;коммутатор switch
уличный коммутатор;уличный коммутатор
коммутатор уличный;уличный коммутатор
Коммутатор Ruckus;уличный коммутатор
коммутатор стоечный;уличный коммутатор
магистральный коммутатор;уличный коммутатор
коммутаторы для корпоративной сети;уличный коммутатор
fc коммутаторы;уличный коммутатор
коммутатор с двумя блоками питания;уличный коммутатор
свитч для видеонаблюдения;свитч для видеонаблюдения
свитч для камер видеонаблюдения;свитч для видеонаблюдения
оптический свитч;оптический свитч
оптоволоконный свитч;оптический свитч
свитч неуправляемый;свитч неуправляемый
неуправляемый свитч;свитч неуправляемый
управляемый свитч;управляемый свитч
умный свитч;управляемый свитч
управляемые switch;управляемый свитч
свитч управляемый;управляемый свитч
свитч на дин рейку;свитч на дин рейку
телекоммуникационные устройства;телекоммуникационные устройства
sfp свитч;sfp свитч
